-- MySQL dump 10.13  Distrib 5.6.33, for debian-linux-gnu (x86_64)
--
-- Host: localhost    Database: magazin
-- ------------------------------------------------------
-- Server version	5.6.33-0ubuntu0.14.04.1

/*!40101 SET @OLD_CHARACTER_SET_CLIENT=@@CHARACTER_SET_CLIENT */;
/*!40101 SET @OLD_CHARACTER_SET_RESULTS=@@CHARACTER_SET_RESULTS */;
/*!40101 SET @OLD_COLLATION_CONNECTION=@@COLLATION_CONNECTION */;
/*!40101 SET NAMES utf8 */;
/*!40103 SET @OLD_TIME_ZONE=@@TIME_ZONE */;
/*!40103 SET TIME_ZONE='+00:00' */;
/*!40014 SET @OLD_UNIQUE_CHECKS=@@UNIQUE_CHECKS, UNIQUE_CHECKS=0 */;
/*!40014 SET @OLD_FOREIGN_KEY_CHECKS=@@FOREIGN_KEY_CHECKS, FOREIGN_KEY_CHECKS=0 */;
/*!40101 SET @OLD_SQL_MODE=@@SQL_MODE, SQL_MODE='NO_AUTO_VALUE_ON_ZERO' */;
/*!40111 SET @OLD_SQL_NOTES=@@SQL_NOTES, SQL_NOTES=0 */;

--
-- Table structure for table `adresats`
--

DROP TABLE IF EXISTS `adresats`;
/*!40101 SET @saved_cs_client     = @@character_set_client */;
/*!40101 SET character_set_client = utf8 */;
CREATE TABLE `adresats` (
  `id` int(10) unsigned NOT NULL AUTO_INCREMENT,
  `name` varchar(255) COLLATE utf8_unicode_ci NOT NULL,
  `surname` varchar(255) COLLATE utf8_unicode_ci DEFAULT NULL,
  `phone` varchar(12) COLLATE utf8_unicode_ci NOT NULL,
  `adress` varchar(255) COLLATE utf8_unicode_ci DEFAULT NULL,
  `user_id` int(10) unsigned NOT NULL,
  `created_at` timestamp NULL DEFAULT NULL,
  `updated_at` timestamp NULL DEFAULT NULL,
  PRIMARY KEY (`id`),
  KEY `adresats_user_id_foreign` (`user_id`),
  CONSTRAINT `adresats_user_id_foreign` FOREIGN KEY (`user_id`) REFERENCES `users` (`id`)
) ENGINE=InnoDB AUTO_INCREMENT=14 DEFAULT CHARSET=utf8 COLLATE=utf8_unicode_ci;
/*!40101 SET character_set_client = @saved_cs_client */;

--
-- Dumping data for table `adresats`
--

LOCK TABLES `adresats` WRITE;
/*!40000 ALTER TABLE `adresats` DISABLE KEYS */;
INSERT INTO `adresats` VALUES (8,'Получатель','Получателев','89998887777','Адрес получателя получателева',2,'2016-06-20 01:29:48','2016-06-20 01:29:48'),(9,'Иван','Дамарьев','89049040404','ул.Дамарьевская 36, дом 35',1,'2016-06-20 04:38:50','2016-06-20 04:38:50'),(10,'Марья','Даивановна','89888807070','ул. Даивановская д.89, кв 78',1,'2016-06-20 04:43:31','2016-06-20 04:43:31'),(11,'Адресат','Тестович','(919) 893-91','Тест на изменение адреса',1,'2016-10-23 12:18:39','2016-10-28 06:04:28'),(12,'Poluchalka','Davalka','телефон','адрес',6,'2016-10-29 11:51:28','2016-10-29 11:51:28'),(13,'test','testivich','8 950 865-14','gfasgfadgadgasdgfsadfasd',3,'2016-11-14 08:32:06','2016-11-14 08:32:06');
/*!40000 ALTER TABLE `adresats` ENABLE KEYS */;
UNLOCK TABLES;

--
-- Table structure for table `basket`
--

DROP TABLE IF EXISTS `basket`;
/*!40101 SET @saved_cs_client     = @@character_set_client */;
/*!40101 SET character_set_client = utf8 */;
CREATE TABLE `basket` (
  `id` int(10) unsigned NOT NULL AUTO_INCREMENT,
  `user_id` int(10) unsigned NOT NULL,
  `item_id` int(10) unsigned NOT NULL,
  `created_at` timestamp NULL DEFAULT NULL,
  `updated_at` timestamp NULL DEFAULT NULL,
  `kolvo` tinyint(4) DEFAULT NULL,
  `op_val` tinyint(4) NOT NULL,
  `end_price` decimal(7,2) NOT NULL,
  PRIMARY KEY (`id`),
  KEY `basket_user_id_foreign` (`user_id`),
  KEY `basket_item_id_foreign` (`item_id`),
  CONSTRAINT `basket_item_id_foreign` FOREIGN KEY (`item_id`) REFERENCES `items` (`id`),
  CONSTRAINT `basket_user_id_foreign` FOREIGN KEY (`user_id`) REFERENCES `users` (`id`)
) ENGINE=InnoDB AUTO_INCREMENT=9 DEFAULT CHARSET=utf8 COLLATE=utf8_unicode_ci;
/*!40101 SET character_set_client = @saved_cs_client */;

--
-- Dumping data for table `basket`
--

LOCK TABLES `basket` WRITE;
/*!40000 ALTER TABLE `basket` DISABLE KEYS */;
/*!40000 ALTER TABLE `basket` ENABLE KEYS */;
UNLOCK TABLES;

--
-- Table structure for table `categories`
--

DROP TABLE IF EXISTS `categories`;
/*!40101 SET @saved_cs_client     = @@character_set_client */;
/*!40101 SET character_set_client = utf8 */;
CREATE TABLE `categories` (
  `id` int(10) unsigned NOT NULL AUTO_INCREMENT,
  `name` varchar(255) COLLATE utf8_unicode_ci NOT NULL,
  `description` text COLLATE utf8_unicode_ci NOT NULL,
  `created_at` timestamp NULL DEFAULT NULL,
  `updated_at` timestamp NULL DEFAULT NULL,
  PRIMARY KEY (`id`)
) ENGINE=InnoDB AUTO_INCREMENT=6 DEFAULT CHARSET=utf8 COLLATE=utf8_unicode_ci;
/*!40101 SET character_set_client = @saved_cs_client */;

--
-- Dumping data for table `categories`
--

LOCK TABLES `categories` WRITE;
/*!40000 ALTER TABLE `categories` DISABLE KEYS */;
INSERT INTO `categories` VALUES (1,'Категория № 1 РЕД.','Только Текст редактировался у категории номер один','2016-06-02 12:04:15','2016-06-05 14:58:50'),(2,'Кат-я Ред. № 2','Категория № 2  Категория № 2  Категория № 2  Категория № 2  Категория № 2  Категория № 2  Категория № 2  Категория № 2  Категория № 2  Категория № 2  Категория № 2  Категория № 2  Категория № 2  Категория № 2  Категория № 2  Категория № 2  ','2016-06-02 12:09:05','2016-06-05 14:59:52'),(3,'Категория № 3','Категория № 3  Категория № 3  Категория № 3  Категория № 3  Категория № 3  Категория № 3  Категория № 3  Категория № 3  Категория № 3  Категория № 3  Категория № 3  Категория № 3  Категория № 3  Категория № 3  Категория № 3  Категория № 3  Категория № 3  Категория № 3  Категория № 3  Категория № 3  ','2016-06-02 12:13:49','2016-06-02 12:13:49'),(5,'Категория Без','Без подкатегорий так то вот оно как-то','2016-06-06 06:08:43','2016-06-06 06:08:43');
/*!40000 ALTER TABLE `categories` ENABLE KEYS */;
UNLOCK TABLES;

--
-- Table structure for table `items`
--

DROP TABLE IF EXISTS `items`;
/*!40101 SET @saved_cs_client     = @@character_set_client */;
/*!40101 SET character_set_client = utf8 */;
CREATE TABLE `items` (
  `id` int(10) unsigned NOT NULL AUTO_INCREMENT,
  `name` varchar(255) COLLATE utf8_unicode_ci NOT NULL,
  `description` text COLLATE utf8_unicode_ci,
  `url` varchar(255) COLLATE utf8_unicode_ci NOT NULL,
  `created_at` timestamp NULL DEFAULT NULL,
  `updated_at` timestamp NULL DEFAULT NULL,
  `cat_id` int(10) unsigned DEFAULT NULL,
  `sub_id` int(10) unsigned DEFAULT NULL,
  `viewtype` tinyint(4) NOT NULL,
  PRIMARY KEY (`id`),
  KEY `items_cat_id_foreign` (`cat_id`),
  KEY `items_sub_id_foreign` (`sub_id`)
) ENGINE=InnoDB AUTO_INCREMENT=168 DEFAULT CHARSET=utf8 COLLATE=utf8_unicode_ci;
/*!40101 SET character_set_client = @saved_cs_client */;

--
-- Dumping data for table `items`
--

LOCK TABLES `items` WRITE;
/*!40000 ALTER TABLE `items` DISABLE KEYS */;
INSERT INTO `items` VALUES (15,'Семицветик=)','Тест на добавления фото большого размера в таблицу свойств товара в базе с категориями          ','test.jpg','2016-06-09 07:14:07','2016-06-09 07:14:07',1,5,1),(16,'Букет','Все тот же тест на добавление товара и проверка манипуляций с изображениями','testilo.png','2016-06-09 07:17:34','2016-06-22 07:37:53',2,NULL,0),(17,'Кружка \"НЭВЗ\"','Кружка тест последний этап работы с витриной (тест на редактирование)','IMG_20160608_154235.jpg','2016-06-10 15:18:59','2016-11-14 13:07:49',NULL,NULL,0),(88,'Букет36','Генерированный букет','generateBuk.png','2016-10-04 19:35:26','2016-10-04 19:35:26',1,6,0),(89,'Цветок89','Генерированный цветок','generate.jpg','2016-10-04 19:35:27','2016-10-04 19:35:27',4,NULL,1),(90,'Букет12','Генерированный букет','generateBuk.png','2016-10-04 19:35:27','2016-10-04 19:35:27',1,6,0),(91,'Цветок67','Генерированный цветок','generate.jpg','2016-10-04 19:35:27','2016-10-04 19:35:27',3,4,1),(92,'Букет33','Генерированный букет','generateBuk.png','2016-10-04 19:35:27','2016-10-04 19:35:27',4,NULL,0),(93,'Цветок48','Генерированный цветок','generate.jpg','2016-10-04 19:35:27','2016-10-04 19:35:27',4,NULL,1),(94,'Цветок79','Генерированный цветок','generate.jpg','2016-10-04 19:35:27','2016-10-04 19:35:27',1,NULL,1),(95,'Цветок86','Генерированный цветок','generate.jpg','2016-10-04 19:35:27','2016-10-04 19:35:27',3,4,1),(96,'Букет53','Генерированный букет','generateBuk.png','2016-10-04 19:35:27','2016-10-04 19:35:27',3,NULL,0),(97,'Букет68','Генерированный букет','generateBuk.png','2016-10-04 19:35:27','2016-10-04 19:35:27',1,6,0),(98,'Цветок35','Генерированный цветок','generate.jpg','2016-10-04 19:36:45','2016-10-04 19:36:45',2,3,1),(99,'Букет100','Генерированный букет','generateBuk.png','2016-10-04 19:36:46','2016-10-04 19:36:46',4,NULL,0),(100,'Букет91','Генерированный букет','generateBuk.png','2016-10-04 19:36:46','2016-10-04 19:36:46',2,NULL,0),(101,'Цветок12','Генерированный цветок','generate.jpg','2016-10-04 19:36:46','2016-10-04 19:36:46',2,3,1),(102,'Цветок56','Генерированный цветок','generate.jpg','2016-10-04 19:36:46','2016-10-04 19:36:46',2,3,1),(103,'Цветок100','Генерированный цветок','generate.jpg','2016-10-04 19:36:46','2016-10-04 19:36:46',4,NULL,1),(104,'Букет99','Генерированный букет','generateBuk.png','2016-10-04 19:36:46','2016-10-04 19:36:46',2,3,0),(105,'Букет22','Генерированный букет','generateBuk.png','2016-10-04 19:36:46','2016-10-04 19:36:46',3,4,0),(106,'Букет91','Генерированный букет','generateBuk.png','2016-10-04 19:36:46','2016-10-04 19:36:46',4,NULL,0),(107,'Букет22','Генерированный букет','generateBuk.png','2016-10-04 19:36:46','2016-10-04 19:36:46',3,4,0),(108,'Букет71','Генерированный букет','generateBuk.png','2016-10-04 19:37:19','2016-10-04 19:37:19',3,4,0),(109,'Букет42','Генерированный букет','generateBuk.png','2016-10-04 19:37:19','2016-10-04 19:37:19',4,NULL,0),(110,'Букет5','Генерированный букет','generateBuk.png','2016-10-04 19:37:19','2016-10-04 19:37:19',4,NULL,0),(111,'Цветок41','Генерированный цветок','generate.jpg','2016-10-04 19:37:19','2016-10-04 19:37:19',2,NULL,1),(112,'Букет14','Генерированный букет','generateBuk.png','2016-10-04 19:37:19','2016-10-04 19:37:19',2,3,0),(113,'Цветок31','Генерированный цветок','generate.jpg','2016-10-04 19:37:19','2016-10-04 19:37:19',1,NULL,1),(114,'Цветок22','Генерированный цветок','generate.jpg','2016-10-04 19:37:19','2016-10-04 19:37:19',1,NULL,1),(115,'Букет4','Генерированный букет','generateBuk.png','2016-10-04 19:37:19','2016-10-04 19:37:19',2,3,0),(116,'Букет76','Генерированный букет','generateBuk.png','2016-10-04 19:37:19','2016-10-04 19:37:19',2,NULL,0),(117,'Букет27','Генерированный букет','generateBuk.png','2016-10-04 19:37:19','2016-10-04 19:37:19',1,6,0),(118,'Цветок82','Генерированный цветок','generate.jpg','2016-10-04 20:40:38','2016-10-04 20:40:38',4,NULL,1),(119,'Цветок84','Генерированный цветок','generate.jpg','2016-10-04 20:40:38','2016-10-04 20:40:38',3,4,1),(120,'Букет73','Генерированный букет','generateBuk.png','2016-10-04 20:40:38','2016-10-04 20:40:38',1,NULL,0),(121,'Цветок59','Генерированный цветок','generate.jpg','2016-10-04 20:40:38','2016-10-04 20:40:38',1,5,1),(122,'Букет44','Генерированный букет','generateBuk.png','2016-10-04 20:40:38','2016-10-04 20:40:38',3,4,0),(123,'Цветок42','Генерированный цветок','generate.jpg','2016-10-04 20:40:38','2016-10-04 20:40:38',4,NULL,1),(124,'Цветок13','Генерированный цветок','generate.jpg','2016-10-04 20:40:38','2016-10-04 20:40:38',4,NULL,1),(125,'Цветок82','Генерированный цветок','generate.jpg','2016-10-04 20:40:38','2016-10-04 20:40:38',1,6,1),(126,'Букет4','Генерированный букет','generateBuk.png','2016-10-04 20:40:38','2016-10-04 20:40:38',4,NULL,0),(127,'Букет71','Генерированный букет','generateBuk.png','2016-10-04 20:40:38','2016-10-04 20:40:38',1,6,0),(128,'Цветок5','Генерированный цветок','generate.jpg','2016-10-04 20:40:41','2016-10-04 20:40:41',4,NULL,1),(129,'Цветок53','Генерированный цветок','generate.jpg','2016-10-04 20:40:41','2016-10-04 20:40:41',1,6,1),(130,'Цветок9','Генерированный цветок','generate.jpg','2016-10-04 20:40:41','2016-10-04 20:40:41',1,6,1),(131,'Букет90','Генерированный букет','generateBuk.png','2016-10-04 20:40:41','2016-10-04 20:40:41',4,NULL,0),(132,'Букет1','Генерированный букет','generateBuk.png','2016-10-04 20:40:41','2016-10-04 20:40:41',1,6,0),(133,'Букет57','Генерированный букет','generateBuk.png','2016-10-04 20:40:41','2016-10-04 20:40:41',4,NULL,0),(134,'Букет5','Генерированный букет','generateBuk.png','2016-10-04 20:40:41','2016-10-04 20:40:41',2,3,0),(135,'Цветок48','Генерированный цветок','generate.jpg','2016-10-04 20:40:41','2016-10-04 20:40:41',2,3,1),(136,'Цветок16','Генерированный цветок','generate.jpg','2016-10-04 20:40:41','2016-10-04 20:40:41',4,NULL,1),(137,'Цветок95','Генерированный цветок','generate.jpg','2016-10-04 20:40:41','2016-10-04 20:40:41',2,NULL,1),(138,'Букет58','Генерированный букет','generateBuk.png','2016-10-04 20:41:09','2016-10-04 20:41:09',4,NULL,0),(139,'Букет23','Генерированный букет','generateBuk.png','2016-10-04 20:41:09','2016-10-04 20:41:09',4,NULL,0),(140,'Букет51','Генерированный букет','generateBuk.png','2016-10-04 20:41:09','2016-10-04 20:41:09',2,NULL,0),(141,'Цветок21','Генерированный цветок','generate.jpg','2016-10-04 20:41:10','2016-10-04 20:41:10',2,NULL,1),(142,'Цветок20','Генерированный цветок','generate.jpg','2016-10-04 20:41:10','2016-10-04 20:41:10',4,NULL,1),(143,'Цветок9','Генерированный цветок','generate.jpg','2016-10-04 20:41:10','2016-10-04 20:41:10',1,6,1),(144,'Букет37','Генерированный букет','generateBuk.png','2016-10-04 20:41:10','2016-10-04 20:41:10',1,5,0),(145,'Букет10','Генерированный букет','generateBuk.png','2016-10-04 20:41:10','2016-10-04 20:41:10',2,3,0),(146,'Букет99','Генерированный букет','generateBuk.png','2016-10-04 20:41:10','2016-10-04 20:41:10',3,4,0),(147,'Букет89','Генерированный букет','generateBuk.png','2016-10-04 20:41:10','2016-10-04 20:41:10',2,NULL,0),(148,'Букет29','Генерированный букет','generateBuk.png','2016-10-04 20:41:29','2016-10-04 20:41:29',1,6,0),(149,'Цветок65','Генерированный цветок','generate.jpg','2016-10-04 20:41:29','2016-10-04 20:41:29',1,6,1),(150,'Цветок81','Генерированный цветок','generate.jpg','2016-10-04 20:41:29','2016-10-04 20:41:29',1,NULL,1),(151,'Букет63','Генерированный букет','generateBuk.png','2016-10-04 20:41:29','2016-10-04 20:41:29',3,NULL,0),(152,'Букет37','Генерированный букет','generateBuk.png','2016-10-04 20:41:29','2016-10-04 20:41:29',2,NULL,0),(153,'Букет39','Генерированный букет','generateBuk.png','2016-10-04 20:41:29','2016-10-04 20:41:29',1,6,0),(154,'Букет18','Генерированный букет','generateBuk.png','2016-10-04 20:41:29','2016-10-04 20:41:29',3,4,0),(155,'Цветок55','Генерированный цветок','generate.jpg','2016-10-04 20:41:29','2016-10-04 20:41:29',3,NULL,1),(156,'Букет69','Генерированный букет','generateBuk.png','2016-10-04 20:41:29','2016-10-04 20:41:29',4,NULL,0),(157,'Цветок64','Генерированный цветок','generate.jpg','2016-10-04 20:41:29','2016-10-04 20:41:29',4,NULL,1),(158,'Букет15','Генерированный букет','generateBuk.png','2016-10-04 20:41:31','2016-10-04 20:41:31',4,NULL,0),(159,'Цветок13','Генерированный цветок','generate.jpg','2016-10-04 20:41:31','2016-10-04 20:41:31',4,NULL,1),(160,'Букет15','Генерированный букет','generateBuk.png','2016-10-04 20:41:31','2016-10-04 20:41:31',1,6,0),(161,'Букет96','Генерированный букет','generateBuk.png','2016-10-04 20:41:31','2016-10-04 20:41:31',3,4,0),(162,'Букет44','Генерированный букет','generateBuk.png','2016-10-04 20:41:31','2016-10-04 20:41:31',3,4,0),(163,'Цветок40','Генерированный цветок','generate.jpg','2016-10-04 20:41:31','2016-10-04 20:41:31',1,NULL,1),(164,'Цветок47','Генерированный цветок','generate.jpg','2016-10-04 20:41:31','2016-10-04 20:41:31',1,5,1),(165,'Букет91','Генерированный букет','generateBuk.png','2016-10-04 20:41:31','2016-10-04 20:41:31',2,3,0),(166,'Букет76','Генерированный букет','generateBuk.png','2016-10-04 20:41:31','2016-10-04 20:41:31',2,NULL,0),(167,'Букет99','Генерированный букет','generateBuk.png','2016-10-04 20:41:31','2016-10-04 20:41:31',2,NULL,0);
/*!40000 ALTER TABLE `items` ENABLE KEYS */;
UNLOCK TABLES;

--
-- Table structure for table `migrations`
--

DROP TABLE IF EXISTS `migrations`;
/*!40101 SET @saved_cs_client     = @@character_set_client */;
/*!40101 SET character_set_client = utf8 */;
CREATE TABLE `migrations` (
  `migration` varchar(255) COLLATE utf8_unicode_ci NOT NULL,
  `batch` int(11) NOT NULL
) ENGINE=InnoDB DEFAULT CHARSET=utf8 COLLATE=utf8_unicode_ci;
/*!40101 SET character_set_client = @saved_cs_client */;

--
-- Dumping data for table `migrations`
--

LOCK TABLES `migrations` WRITE;
/*!40000 ALTER TABLE `migrations` DISABLE KEYS */;
INSERT INTO `migrations` VALUES ('2014_10_12_000000_create_users_table',1),('2014_10_12_100000_create_password_resets_table',1),('2016_04_16_074316_add_surname_in_table_users',1),('2016_04_12_052337_create_items_table',2),('2016_04_18_145853_add_description',2),('2016_04_14_092528_creaete_table_basket',3),('2016_04_19_081205_create_table_destinations',4),('2016_04_19_102220_create_table_properties',5),('2016_04_19_080327_create_table_orders',6),('2016_04_19_082329_create_table_orderItems',6),('2016_06_02_091326_create_categories_table',7),('2016_06_02_124808_create_subcategories_table',8),('2016_06_07_085902_create_table_prop_item',9),('2016_06_07_091010_del_price_in_items_table',9),('2016_06_07_120908_add_CatAndSub_in_itemt_able',10),('2016_06_07_141244_add_type_pole_initemtable',11),('2016_06_09_063655_add_pole_imgurl_in_propitem_table',12),('2016_06_16_090135_add_kolvo_endprice_opval',13),('2016_06_16_112957_del_table_destination',14),('2016_06_16_113056_create_table_adresats',15),('2016_06_16_114802_add_phone_adress',16),('2016_06_16_134037_add_step_in_ordertable',17),('2016_06_20_110510_create_table',18),('2016_08_21_075722_create_table_reqcalls',19),('2016_10_22_080022_add_pole_type_in_prop_item_table',20),('2016_10_22_080531_add_type_values',21),('2016_11_04_121644_add_pole_self_user_in_orders_table',22);
/*!40000 ALTER TABLE `migrations` ENABLE KEYS */;
UNLOCK TABLES;

--
-- Table structure for table `orderItems`
--

DROP TABLE IF EXISTS `orderItems`;
/*!40101 SET @saved_cs_client     = @@character_set_client */;
/*!40101 SET character_set_client = utf8 */;
CREATE TABLE `orderItems` (
  `id` int(10) unsigned NOT NULL AUTO_INCREMENT,
  `order_id` int(10) unsigned NOT NULL,
  `item_id` int(10) unsigned NOT NULL,
  `kolvo` tinyint(4) DEFAULT NULL,
  `op_val` smallint(6) NOT NULL,
  `end_price` int(11) NOT NULL,
  `created_at` timestamp NULL DEFAULT NULL,
  `updated_at` timestamp NULL DEFAULT NULL,
  PRIMARY KEY (`id`),
  KEY `orderitems_order_id_foreign` (`order_id`),
  KEY `orderitems_item_id_foreign` (`item_id`),
  CONSTRAINT `orderitems_item_id_foreign` FOREIGN KEY (`item_id`) REFERENCES `items` (`id`),
  CONSTRAINT `orderitems_order_id_foreign` FOREIGN KEY (`order_id`) REFERENCES `orders` (`id`)
) ENGINE=InnoDB AUTO_INCREMENT=34 DEFAULT CHARSET=utf8 COLLATE=utf8_unicode_ci;
/*!40101 SET character_set_client = @saved_cs_client */;

--
-- Dumping data for table `orderItems`
--

LOCK TABLES `orderItems` WRITE;
/*!40000 ALTER TABLE `orderItems` DISABLE KEYS */;
INSERT INTO `orderItems` VALUES (3,3,15,5,80,405,'2016-06-17 08:40:09','2016-06-17 08:40:09'),(4,4,17,NULL,2,1000,'2016-06-18 12:40:45','2016-06-18 12:40:45'),(5,4,15,6,60,366,'2016-06-18 12:40:45','2016-06-18 12:40:45'),(6,5,15,3,60,183,'2016-06-19 11:01:55','2016-06-19 11:01:55'),(7,5,16,NULL,3,222,'2016-06-19 11:01:55','2016-06-19 11:01:55'),(8,6,15,9,100,909,'2016-06-20 06:01:24','2016-06-20 06:01:24'),(9,6,16,NULL,3,222,'2016-06-20 06:01:24','2016-06-20 06:01:24'),(10,6,17,NULL,1,500,'2016-06-20 06:01:24','2016-06-20 06:01:24'),(11,7,16,NULL,2,111,'2016-06-20 06:30:35','2016-06-20 06:30:35'),(12,8,17,NULL,1,500,'2016-06-22 10:42:52','2016-06-22 10:42:52'),(13,8,16,NULL,2,111,'2016-06-22 10:42:52','2016-06-22 10:42:52'),(14,8,16,NULL,3,222,'2016-06-22 10:42:52','2016-06-22 10:42:52'),(15,9,16,NULL,2,111,'2016-10-21 06:09:10','2016-10-21 06:09:10'),(16,9,89,3,60,1146,'2016-10-21 06:09:10','2016-10-21 06:09:10'),(17,9,92,NULL,3,1871,'2016-10-21 06:09:10','2016-10-21 06:09:10'),(18,10,15,7,60,427,'2016-10-26 07:49:28','2016-10-26 07:49:28'),(19,13,17,NULL,2,1000,'2016-10-26 08:53:13','2016-10-26 08:53:13'),(20,14,15,6,60,366,'2016-10-27 07:22:39','2016-10-27 07:22:39'),(21,15,15,NULL,60,61,'2016-11-02 08:45:48','2016-11-02 08:45:48'),(22,15,16,NULL,2,111,'2016-11-02 08:45:48','2016-11-02 08:45:48'),(23,15,17,NULL,1,500,'2016-11-02 08:45:48','2016-11-02 08:45:48'),(24,15,88,NULL,3,2936,'2016-11-02 08:45:48','2016-11-02 08:45:48'),(25,15,89,NULL,60,382,'2016-11-02 08:45:48','2016-11-02 08:45:48'),(26,15,90,NULL,3,3661,'2016-11-02 08:45:48','2016-11-02 08:45:48'),(27,15,91,NULL,110,618,'2016-11-02 08:45:48','2016-11-02 08:45:48'),(28,16,15,3,60,183,'2016-11-04 15:15:50','2016-11-04 15:15:50'),(29,16,89,3,60,1146,'2016-11-04 15:15:50','2016-11-04 15:15:50'),(30,17,17,NULL,1,500,'2016-11-14 10:27:30','2016-11-14 10:27:30'),(31,17,17,NULL,2,1000,'2016-11-14 10:27:30','2016-11-14 10:27:30'),(32,17,15,NULL,110,111,'2016-11-14 10:27:30','2016-11-14 10:27:30'),(33,18,17,NULL,1,500,'2016-11-14 10:28:38','2016-11-14 10:28:38');
/*!40000 ALTER TABLE `orderItems` ENABLE KEYS */;
UNLOCK TABLES;

--
-- Table structure for table `orders`
--

DROP TABLE IF EXISTS `orders`;
/*!40101 SET @saved_cs_client     = @@character_set_client */;
/*!40101 SET character_set_client = utf8 */;
CREATE TABLE `orders` (
  `id` int(10) unsigned NOT NULL AUTO_INCREMENT,
  `status` int(1) NOT NULL,
  `postcard` text COLLATE utf8_unicode_ci,
  `voice` text COLLATE utf8_unicode_ci,
  `datetime` datetime DEFAULT NULL,
  `user_id` int(10) unsigned NOT NULL,
  `adresat_id` int(10) DEFAULT NULL,
  `adress` varchar(500) COLLATE utf8_unicode_ci DEFAULT NULL,
  `phone` varchar(50) COLLATE utf8_unicode_ci DEFAULT NULL,
  `created_at` timestamp NULL DEFAULT NULL,
  `updated_at` timestamp NULL DEFAULT NULL,
  `step` tinyint(4) NOT NULL,
  `self_user` tinyint(4) NOT NULL,
  PRIMARY KEY (`id`),
  KEY `orders_user_id_foreign` (`user_id`),
  KEY `adresat_id` (`adresat_id`),
  CONSTRAINT `orders_user_id_foreign` FOREIGN KEY (`user_id`) REFERENCES `users` (`id`)
) ENGINE=InnoDB AUTO_INCREMENT=20 DEFAULT CHARSET=utf8 COLLATE=utf8_unicode_ci;
/*!40101 SET character_set_client = @saved_cs_client */;

--
-- Dumping data for table `orders`
--

LOCK TABLES `orders` WRITE;
/*!40000 ALTER TABLE `orders` DISABLE KEYS */;
INSERT INTO `orders` VALUES (3,2,NULL,'Что предать на словах?','2016-06-21 10:00:00',1,9,'	г. Новочеркасск, ул. Васяпетровская 85','adresat','2016-06-17 08:40:09','2016-06-18 08:17:44',5,0),(4,1,NULL,NULL,'2016-06-29 10:06:00',1,0,'ул.Второго заказа, д. 34 кв.85','89545454040','2016-06-18 12:40:45','2016-06-20 01:19:14',5,1),(5,1,'Что написать на открытке?',NULL,'2016-06-22 05:01:00',2,8,'adresat','adresat','2016-06-19 11:01:55','2016-11-04 13:54:02',5,0),(6,1,NULL,NULL,'2016-06-28 20:00:00',1,10,'adresat','user','2016-06-20 06:01:24','2016-06-20 06:08:56',5,0),(7,1,NULL,NULL,'2016-06-23 00:00:00',2,0,'asdasdasdadddddddddd sssssssssssss','98989898989','2016-06-20 06:30:35','2016-06-20 06:31:44',5,1),(8,1,NULL,NULL,'2016-06-28 14:00:00',1,10,'adresat','adresat','2016-06-22 10:42:52','2016-06-22 12:01:49',5,0),(9,0,NULL,NULL,NULL,6,12,NULL,NULL,'2016-10-21 06:09:09','2016-10-29 11:51:47',2,0),(10,1,NULL,NULL,'2016-10-30 09:15:00',1,0,'Последний тест на оформление','user','2016-10-26 07:49:28','2016-10-28 05:24:27',5,1),(13,1,'Тест Тест Тест Тест Тест Тест Тест Тест Тест Тест Тест ',NULL,'2016-10-30 10:00:00',1,9,'adresat','user','2016-10-26 08:53:13','2016-10-27 12:22:54',5,0),(14,1,'Что написать на открытке?',NULL,'2016-10-27 04:26:00',1,9,'adresat','adresat','2016-10-27 07:22:39','2016-10-27 12:26:32',5,0),(15,2,NULL,NULL,'2016-11-18 11:45:00',1,0,'user','user','2016-11-02 08:45:48','2016-11-02 08:46:50',5,1),(16,1,NULL,NULL,'2016-11-11 08:20:00',1,10,'adresat','adresat','2016-11-04 15:15:50','2016-11-04 15:16:21',5,0),(17,0,NULL,NULL,NULL,1,NULL,NULL,NULL,'2016-11-14 10:27:30','2016-11-14 10:27:30',1,0),(18,1,NULL,'Что предать на словах?','2016-11-17 06:39:00',1,10,'adresat','adresat','2016-11-14 10:28:38','2016-11-14 10:29:27',5,0),(19,0,NULL,NULL,NULL,1,NULL,NULL,NULL,'2016-11-15 14:55:04','2016-11-15 14:55:04',1,0);
/*!40000 ALTER TABLE `orders` ENABLE KEYS */;
UNLOCK TABLES;

--
-- Table structure for table `password_resets`
--

DROP TABLE IF EXISTS `password_resets`;
/*!40101 SET @saved_cs_client     = @@character_set_client */;
/*!40101 SET character_set_client = utf8 */;
CREATE TABLE `password_resets` (
  `email` varchar(255) COLLATE utf8_unicode_ci NOT NULL,
  `token` varchar(255) COLLATE utf8_unicode_ci NOT NULL,
  `created_at` timestamp NOT NULL DEFAULT CURRENT_TIMESTAMP ON UPDATE CURRENT_TIMESTAMP,
  KEY `password_resets_email_index` (`email`),
  KEY `password_resets_token_index` (`token`)
) ENGINE=InnoDB DEFAULT CHARSET=utf8 COLLATE=utf8_unicode_ci;
/*!40101 SET character_set_client = @saved_cs_client */;

--
-- Dumping data for table `password_resets`
--

LOCK TABLES `password_resets` WRITE;
/*!40000 ALTER TABLE `password_resets` DISABLE KEYS */;
/*!40000 ALTER TABLE `password_resets` ENABLE KEYS */;
UNLOCK TABLES;

--
-- Table structure for table `prop_item`
--

DROP TABLE IF EXISTS `prop_item`;
/*!40101 SET @saved_cs_client     = @@character_set_client */;
/*!40101 SET character_set_client = utf8 */;
CREATE TABLE `prop_item` (
  `id` int(10) unsigned NOT NULL AUTO_INCREMENT,
  `name` varchar(255) COLLATE utf8_unicode_ci NOT NULL,
  `price` decimal(7,2) DEFAULT NULL,
  `dlina` smallint(6) DEFAULT NULL,
  `razmer` tinyint(4) DEFAULT NULL,
  `imgurl` varchar(255) COLLATE utf8_unicode_ci DEFAULT NULL,
  `item_id` int(10) unsigned NOT NULL,
  `created_at` timestamp NULL DEFAULT NULL,
  `updated_at` timestamp NULL DEFAULT NULL,
  `type` tinyint(4) DEFAULT NULL,
  PRIMARY KEY (`id`),
  KEY `prop_item_item_id_foreign` (`item_id`),
  CONSTRAINT `prop_item_item_id_foreign` FOREIGN KEY (`item_id`) REFERENCES `items` (`id`)
) ENGINE=InnoDB AUTO_INCREMENT=334 DEFAULT CHARSET=utf8 COLLATE=utf8_unicode_ci;
/*!40101 SET character_set_client = @saved_cs_client */;

--
-- Dumping data for table `prop_item`
--

LOCK TABLES `prop_item` WRITE;
/*!40000 ALTER TABLE `prop_item` DISABLE KEYS */;
INSERT INTO `prop_item` VALUES (12,'фото',NULL,NULL,NULL,'test.jpg',15,'2016-06-09 07:14:08','2016-06-09 07:14:08',3),(13,'цена+размер',111.00,NULL,2,NULL,16,'2016-06-09 07:17:34','2016-06-09 07:17:34',1),(14,'размер+фото',NULL,NULL,2,'testilo.png',16,'2016-06-09 07:17:34','2016-10-22 08:11:11',4),(25,'цена+длина',81.00,80,NULL,NULL,15,'2016-06-10 10:42:38','2016-10-22 08:11:11',2),(26,'цена+длина',91.00,90,NULL,NULL,15,'2016-06-10 10:42:38','2016-10-22 08:11:11',2),(27,'цена+длина',101.00,100,NULL,NULL,15,'2016-06-10 10:42:38','2016-10-22 08:11:11',2),(30,'цена+размер',1000.00,NULL,2,NULL,17,'2016-06-10 15:18:59','2016-10-22 08:11:11',1),(31,'размер+фото',NULL,NULL,2,'IMG_20160608_154235.jpg',17,'2016-06-10 15:18:59','2016-10-22 08:11:11',4),(34,'размер+фото',NULL,NULL,1,'IMG_20160610_175726.jpg',17,'2016-06-10 15:32:57','2016-10-22 08:11:11',4),(35,'цена+размер',500.00,NULL,1,NULL,17,'2016-06-13 12:50:16','2016-10-22 08:11:11',1),(36,'цена+размер',1500.00,NULL,3,NULL,17,'2016-06-13 12:50:16','2016-10-22 08:11:11',1),(37,'цена+размер',222.00,NULL,3,NULL,16,'2016-06-13 14:52:19','2016-10-22 08:11:11',1),(39,'цена+длина',61.00,60,NULL,NULL,15,'2016-06-14 09:23:45','2016-10-22 08:11:11',2),(40,'цена+длина',71.00,70,NULL,NULL,15,'2016-06-14 09:23:45','2016-10-22 08:11:11',2),(41,'цена+длина',111.00,110,NULL,NULL,15,'2016-06-14 09:23:45','2016-10-22 08:11:11',2),(174,'цена+размер',2936.23,NULL,3,NULL,88,'2016-10-04 19:35:27','2016-10-22 08:11:11',1),(175,'размер+фото',NULL,NULL,3,'generateBuk.png',88,'2016-10-04 19:35:27','2016-10-22 08:11:11',4),(176,'цена+длина',381.95,60,NULL,NULL,89,'2016-10-04 19:35:27','2016-10-22 08:11:11',2),(177,'фото',NULL,NULL,NULL,'generate.jpg',89,'2016-10-04 19:35:27','2016-10-22 08:11:11',3),(178,'цена+размер',3661.20,NULL,3,NULL,90,'2016-10-04 19:35:27','2016-10-22 08:11:11',1),(179,'размер+фото',NULL,NULL,3,'generateBuk.png',90,'2016-10-04 19:35:27','2016-10-22 08:11:11',4),(180,'цена+длина',618.45,110,NULL,NULL,91,'2016-10-04 19:35:27','2016-10-22 08:11:11',2),(181,'фото',NULL,NULL,NULL,'generate.jpg',91,'2016-10-04 19:35:27','2016-10-22 08:11:11',3),(182,'цена+размер',1870.99,NULL,3,NULL,92,'2016-10-04 19:35:27','2016-10-22 08:11:11',1),(183,'размер+фото',NULL,NULL,3,'generateBuk.png',92,'2016-10-04 19:35:27','2016-10-22 08:11:11',4),(184,'цена+длина',722.29,80,NULL,NULL,93,'2016-10-04 19:35:27','2016-10-22 08:11:11',2),(185,'фото',NULL,NULL,NULL,'generate.jpg',93,'2016-10-04 19:35:27','2016-10-22 08:11:11',3),(186,'цена+длина',798.98,120,NULL,NULL,94,'2016-10-04 19:35:27','2016-10-22 08:11:11',2),(187,'фото',NULL,NULL,NULL,'generate.jpg',94,'2016-10-04 19:35:27','2016-10-22 08:11:11',3),(188,'цена+длина',96.46,90,NULL,NULL,95,'2016-10-04 19:35:27','2016-10-22 08:11:11',2),(189,'фото',NULL,NULL,NULL,'generate.jpg',95,'2016-10-04 19:35:27','2016-10-22 08:11:11',3),(190,'цена+размер',2839.99,NULL,2,NULL,96,'2016-10-04 19:35:27','2016-10-22 08:11:11',1),(191,'размер+фото',NULL,NULL,2,'generateBuk.png',96,'2016-10-04 19:35:27','2016-10-22 08:11:11',4),(192,'цена+размер',223.70,NULL,3,NULL,97,'2016-10-04 19:35:27','2016-10-22 08:11:11',1),(193,'размер+фото',NULL,NULL,3,'generateBuk.png',97,'2016-10-04 19:35:27','2016-10-22 08:11:11',4),(194,'цена+длина',972.98,120,NULL,NULL,98,'2016-10-04 19:36:46','2016-10-22 08:11:11',2),(195,'фото',NULL,NULL,NULL,'generate.jpg',98,'2016-10-04 19:36:46','2016-10-22 08:11:11',3),(196,'цена+размер',4089.57,NULL,2,NULL,99,'2016-10-04 19:36:46','2016-10-22 08:11:11',1),(197,'размер+фото',NULL,NULL,2,'generateBuk.png',99,'2016-10-04 19:36:46','2016-10-22 08:11:11',4),(198,'цена+размер',4440.14,NULL,4,NULL,100,'2016-10-04 19:36:46','2016-10-22 08:11:11',1),(199,'размер+фото',NULL,NULL,4,'generateBuk.png',100,'2016-10-04 19:36:46','2016-10-22 08:11:11',4),(200,'цена+длина',534.20,70,NULL,NULL,101,'2016-10-04 19:36:46','2016-10-22 08:11:11',2),(201,'фото',NULL,NULL,NULL,'generate.jpg',101,'2016-10-04 19:36:46','2016-10-22 08:11:11',3),(202,'цена+длина',77.28,90,NULL,NULL,102,'2016-10-04 19:36:46','2016-10-22 08:11:11',2),(203,'фото',NULL,NULL,NULL,'generate.jpg',102,'2016-10-04 19:36:46','2016-10-22 08:11:11',3),(204,'цена+длина',947.60,90,NULL,NULL,103,'2016-10-04 19:36:46','2016-10-22 08:11:11',2),(205,'фото',NULL,NULL,NULL,'generate.jpg',103,'2016-10-04 19:36:46','2016-10-22 08:11:11',3),(206,'цена+размер',3807.65,NULL,1,NULL,104,'2016-10-04 19:36:46','2016-10-22 08:11:11',1),(207,'размер+фото',NULL,NULL,1,'generateBuk.png',104,'2016-10-04 19:36:46','2016-10-22 08:11:11',4),(208,'цена+размер',3238.50,NULL,2,NULL,105,'2016-10-04 19:36:46','2016-10-22 08:11:11',1),(209,'размер+фото',NULL,NULL,2,'generateBuk.png',105,'2016-10-04 19:36:46','2016-10-22 08:11:11',4),(210,'цена+размер',2863.67,NULL,2,NULL,106,'2016-10-04 19:36:46','2016-10-22 08:11:11',1),(211,'размер+фото',NULL,NULL,2,'generateBuk.png',106,'2016-10-04 19:36:46','2016-10-22 08:11:11',4),(212,'цена+размер',4887.54,NULL,1,NULL,107,'2016-10-04 19:36:46','2016-10-22 08:11:11',1),(213,'размер+фото',NULL,NULL,1,'generateBuk.png',107,'2016-10-04 19:36:46','2016-10-22 08:11:11',4),(214,'цена+размер',3357.16,NULL,1,NULL,108,'2016-10-04 19:37:19','2016-10-22 08:11:11',1),(215,'размер+фото',NULL,NULL,1,'generateBuk.png',108,'2016-10-04 19:37:19','2016-10-22 08:11:11',4),(216,'цена+размер',1701.34,NULL,3,NULL,109,'2016-10-04 19:37:19','2016-10-22 08:11:11',1),(217,'размер+фото',NULL,NULL,3,'generateBuk.png',109,'2016-10-04 19:37:19','2016-10-22 08:11:11',4),(218,'цена+размер',4129.76,NULL,4,NULL,110,'2016-10-04 19:37:19','2016-10-22 08:11:11',1),(219,'размер+фото',NULL,NULL,4,'generateBuk.png',110,'2016-10-04 19:37:19','2016-10-22 08:11:11',4),(220,'цена+длина',384.65,100,NULL,NULL,111,'2016-10-04 19:37:19','2016-10-22 08:11:11',2),(221,'фото',NULL,NULL,NULL,'generate.jpg',111,'2016-10-04 19:37:19','2016-10-22 08:11:11',3),(222,'цена+размер',2893.31,NULL,4,NULL,112,'2016-10-04 19:37:19','2016-10-22 08:11:11',1),(223,'размер+фото',NULL,NULL,4,'generateBuk.png',112,'2016-10-04 19:37:19','2016-10-22 08:11:11',4),(224,'цена+длина',615.40,100,NULL,NULL,113,'2016-10-04 19:37:19','2016-10-22 08:11:11',2),(225,'фото',NULL,NULL,NULL,'generate.jpg',113,'2016-10-04 19:37:19','2016-10-22 08:11:11',3),(226,'цена+длина',813.25,100,NULL,NULL,114,'2016-10-04 19:37:19','2016-10-22 08:11:11',2),(227,'фото',NULL,NULL,NULL,'generate.jpg',114,'2016-10-04 19:37:19','2016-10-22 08:11:11',3),(228,'цена+размер',1502.27,NULL,1,NULL,115,'2016-10-04 19:37:19','2016-10-22 08:11:11',1),(229,'размер+фото',NULL,NULL,1,'generateBuk.png',115,'2016-10-04 19:37:19','2016-10-22 08:11:11',4),(230,'цена+размер',3107.45,NULL,4,NULL,116,'2016-10-04 19:37:19','2016-10-22 08:11:11',1),(231,'размер+фото',NULL,NULL,4,'generateBuk.png',116,'2016-10-04 19:37:19','2016-10-22 08:11:11',4),(232,'цена+размер',2274.50,NULL,2,NULL,117,'2016-10-04 19:37:19','2016-10-22 08:11:11',1),(233,'размер+фото',NULL,NULL,2,'generateBuk.png',117,'2016-10-04 19:37:19','2016-10-22 08:11:11',4),(234,'цена+длина',51.93,60,NULL,NULL,118,'2016-10-04 20:40:38','2016-10-22 08:11:11',2),(235,'фото',NULL,NULL,NULL,'generate.jpg',118,'2016-10-04 20:40:38','2016-10-22 08:11:11',3),(236,'цена+длина',750.62,60,NULL,NULL,119,'2016-10-04 20:40:38','2016-10-22 08:11:11',2),(237,'фото',NULL,NULL,NULL,'generate.jpg',119,'2016-10-04 20:40:38','2016-10-22 08:11:11',3),(238,'цена+размер',172.70,NULL,0,NULL,120,'2016-10-04 20:40:38','2016-10-22 08:11:11',1),(239,'размер+фото',NULL,NULL,0,'generateBuk.png',120,'2016-10-04 20:40:38','2016-10-22 08:11:11',4),(240,'цена+длина',103.55,100,NULL,NULL,121,'2016-10-04 20:40:38','2016-10-22 08:11:11',2),(241,'фото',NULL,NULL,NULL,'generate.jpg',121,'2016-10-04 20:40:38','2016-10-22 08:11:11',3),(242,'цена+размер',3362.48,NULL,0,NULL,122,'2016-10-04 20:40:38','2016-10-22 08:11:11',1),(243,'размер+фото',NULL,NULL,0,'generateBuk.png',122,'2016-10-04 20:40:38','2016-10-22 08:11:11',4),(244,'цена+длина',685.95,60,NULL,NULL,123,'2016-10-04 20:40:38','2016-10-22 08:11:11',2),(245,'фото',NULL,NULL,NULL,'generate.jpg',123,'2016-10-04 20:40:38','2016-10-22 08:11:11',3),(246,'цена+длина',83.56,110,NULL,NULL,124,'2016-10-04 20:40:38','2016-10-22 08:11:11',2),(247,'фото',NULL,NULL,NULL,'generate.jpg',124,'2016-10-04 20:40:38','2016-10-22 08:11:11',3),(248,'цена+длина',864.24,80,NULL,NULL,125,'2016-10-04 20:40:38','2016-10-22 08:11:11',2),(249,'фото',NULL,NULL,NULL,'generate.jpg',125,'2016-10-04 20:40:38','2016-10-22 08:11:11',3),(250,'цена+размер',2918.17,NULL,3,NULL,126,'2016-10-04 20:40:38','2016-10-22 08:11:11',1),(251,'размер+фото',NULL,NULL,3,'generateBuk.png',126,'2016-10-04 20:40:38','2016-10-22 08:11:11',4),(252,'цена+размер',1551.70,NULL,0,NULL,127,'2016-10-04 20:40:38','2016-10-22 08:11:11',1),(253,'размер+фото',NULL,NULL,0,'generateBuk.png',127,'2016-10-04 20:40:38','2016-10-22 08:11:11',4),(254,'цена+длина',777.30,70,NULL,NULL,128,'2016-10-04 20:40:41','2016-10-22 08:11:11',2),(255,'фото',NULL,NULL,NULL,'generate.jpg',128,'2016-10-04 20:40:41','2016-10-22 08:11:11',3),(256,'цена+длина',572.41,110,NULL,NULL,129,'2016-10-04 20:40:41','2016-10-22 08:11:11',2),(257,'фото',NULL,NULL,NULL,'generate.jpg',129,'2016-10-04 20:40:41','2016-10-22 08:11:11',3),(258,'цена+длина',225.10,110,NULL,NULL,130,'2016-10-04 20:40:41','2016-10-22 08:11:11',2),(259,'фото',NULL,NULL,NULL,'generate.jpg',130,'2016-10-04 20:40:41','2016-10-22 08:11:11',3),(260,'цена+размер',338.73,NULL,0,NULL,131,'2016-10-04 20:40:41','2016-10-22 08:11:11',1),(261,'размер+фото',NULL,NULL,0,'generateBuk.png',131,'2016-10-04 20:40:41','2016-10-22 08:11:11',4),(262,'цена+размер',3353.74,NULL,0,NULL,132,'2016-10-04 20:40:41','2016-10-22 08:11:11',1),(263,'размер+фото',NULL,NULL,0,'generateBuk.png',132,'2016-10-04 20:40:41','2016-10-22 08:11:11',4),(264,'цена+размер',4116.40,NULL,0,NULL,133,'2016-10-04 20:40:41','2016-10-22 08:11:11',1),(265,'размер+фото',NULL,NULL,0,'generateBuk.png',133,'2016-10-04 20:40:41','2016-10-22 08:11:11',4),(266,'цена+размер',497.92,NULL,0,NULL,134,'2016-10-04 20:40:41','2016-10-22 08:11:11',1),(267,'размер+фото',NULL,NULL,0,'generateBuk.png',134,'2016-10-04 20:40:41','2016-10-22 08:11:11',4),(268,'цена+длина',862.16,70,NULL,NULL,135,'2016-10-04 20:40:41','2016-10-22 08:11:11',2),(269,'фото',NULL,NULL,NULL,'generate.jpg',135,'2016-10-04 20:40:41','2016-10-22 08:11:11',3),(270,'цена+длина',603.23,70,NULL,NULL,136,'2016-10-04 20:40:41','2016-10-22 08:11:11',2),(271,'фото',NULL,NULL,NULL,'generate.jpg',136,'2016-10-04 20:40:41','2016-10-22 08:11:11',3),(272,'цена+длина',774.99,120,NULL,NULL,137,'2016-10-04 20:40:41','2016-10-22 08:11:11',2),(273,'фото',NULL,NULL,NULL,'generate.jpg',137,'2016-10-04 20:40:41','2016-10-22 08:11:11',3),(274,'цена+размер',2844.50,NULL,1,NULL,138,'2016-10-04 20:41:09','2016-10-22 08:11:11',1),(275,'размер+фото',NULL,NULL,1,'generateBuk.png',138,'2016-10-04 20:41:09','2016-10-22 08:11:11',4),(276,'цена+размер',2895.59,NULL,4,NULL,139,'2016-10-04 20:41:09','2016-10-22 08:11:11',1),(277,'размер+фото',NULL,NULL,4,'generateBuk.png',139,'2016-10-04 20:41:09','2016-10-22 08:11:11',4),(278,'цена+размер',234.44,NULL,4,NULL,140,'2016-10-04 20:41:09','2016-10-22 08:11:11',1),(279,'размер+фото',NULL,NULL,4,'generateBuk.png',140,'2016-10-04 20:41:10','2016-10-22 08:11:11',4),(280,'цена+длина',986.15,120,NULL,NULL,141,'2016-10-04 20:41:10','2016-10-22 08:11:11',2),(281,'фото',NULL,NULL,NULL,'generate.jpg',141,'2016-10-04 20:41:10','2016-10-22 08:11:11',3),(282,'цена+длина',632.11,110,NULL,NULL,142,'2016-10-04 20:41:10','2016-10-22 08:11:11',2),(283,'фото',NULL,NULL,NULL,'generate.jpg',142,'2016-10-04 20:41:10','2016-10-22 08:11:11',3),(284,'цена+длина',225.71,100,NULL,NULL,143,'2016-10-04 20:41:10','2016-10-22 08:11:11',2),(285,'фото',NULL,NULL,NULL,'generate.jpg',143,'2016-10-04 20:41:10','2016-10-22 08:11:11',3),(286,'цена+размер',1868.61,NULL,4,NULL,144,'2016-10-04 20:41:10','2016-10-22 08:11:11',1),(287,'размер+фото',NULL,NULL,4,'generateBuk.png',144,'2016-10-04 20:41:10','2016-10-22 08:11:11',4),(288,'цена+размер',4111.56,NULL,1,NULL,145,'2016-10-04 20:41:10','2016-10-22 08:11:11',1),(289,'размер+фото',NULL,NULL,1,'generateBuk.png',145,'2016-10-04 20:41:10','2016-10-22 08:11:11',4),(290,'цена+размер',3338.66,NULL,0,NULL,146,'2016-10-04 20:41:10','2016-10-22 08:11:11',1),(291,'размер+фото',NULL,NULL,0,'generateBuk.png',146,'2016-10-04 20:41:10','2016-10-22 08:11:11',4),(292,'цена+размер',67.50,NULL,0,NULL,147,'2016-10-04 20:41:10','2016-10-22 08:11:11',1),(293,'размер+фото',NULL,NULL,0,'generateBuk.png',147,'2016-10-04 20:41:10','2016-10-22 08:11:11',4),(294,'цена+размер',1200.19,NULL,3,NULL,148,'2016-10-04 20:41:29','2016-10-22 08:11:11',1),(295,'размер+фото',NULL,NULL,3,'generateBuk.png',148,'2016-10-04 20:41:29','2016-10-22 08:11:11',4),(296,'цена+длина',798.59,80,NULL,NULL,149,'2016-10-04 20:41:29','2016-10-22 08:11:11',2),(297,'фото',NULL,NULL,NULL,'generate.jpg',149,'2016-10-04 20:41:29','2016-10-22 08:11:11',3),(298,'цена+длина',900.30,60,NULL,NULL,150,'2016-10-04 20:41:29','2016-10-22 08:11:11',2),(299,'фото',NULL,NULL,NULL,'generate.jpg',150,'2016-10-04 20:41:29','2016-10-22 08:11:11',3),(300,'цена+размер',2575.50,NULL,3,NULL,151,'2016-10-04 20:41:29','2016-10-22 08:11:11',1),(301,'размер+фото',NULL,NULL,3,'generateBuk.png',151,'2016-10-04 20:41:29','2016-10-22 08:11:11',4),(302,'цена+размер',1198.36,NULL,2,NULL,152,'2016-10-04 20:41:29','2016-10-22 08:11:11',1),(303,'размер+фото',NULL,NULL,2,'generateBuk.png',152,'2016-10-04 20:41:29','2016-10-22 08:11:11',4),(304,'цена+размер',2594.30,NULL,2,NULL,153,'2016-10-04 20:41:29','2016-10-22 08:11:11',1),(305,'размер+фото',NULL,NULL,2,'generateBuk.png',153,'2016-10-04 20:41:29','2016-10-22 08:11:11',4),(306,'цена+размер',4827.56,NULL,3,NULL,154,'2016-10-04 20:41:29','2016-10-22 08:11:11',1),(307,'размер+фото',NULL,NULL,3,'generateBuk.png',154,'2016-10-04 20:41:29','2016-10-22 08:11:11',4),(308,'цена+длина',678.86,120,NULL,NULL,155,'2016-10-04 20:41:29','2016-10-22 08:11:11',2),(309,'фото',NULL,NULL,NULL,'generate.jpg',155,'2016-10-04 20:41:29','2016-10-22 08:11:11',3),(310,'цена+размер',840.14,NULL,0,NULL,156,'2016-10-04 20:41:29','2016-10-22 08:11:11',1),(311,'размер+фото',NULL,NULL,0,'generateBuk.png',156,'2016-10-04 20:41:29','2016-10-22 08:11:11',4),(312,'цена+длина',699.90,60,NULL,NULL,157,'2016-10-04 20:41:29','2016-10-22 08:11:11',2),(313,'фото',NULL,NULL,NULL,'generate.jpg',157,'2016-10-04 20:41:29','2016-10-22 08:11:11',3),(314,'цена+размер',3964.75,NULL,1,NULL,158,'2016-10-04 20:41:31','2016-10-22 08:11:11',1),(315,'размер+фото',NULL,NULL,1,'generateBuk.png',158,'2016-10-04 20:41:31','2016-10-22 08:11:11',4),(316,'цена+длина',992.94,70,NULL,NULL,159,'2016-10-04 20:41:31','2016-10-22 08:11:11',2),(317,'фото',NULL,NULL,NULL,'generate.jpg',159,'2016-10-04 20:41:31','2016-10-22 08:11:11',3),(318,'цена+размер',4906.17,NULL,0,NULL,160,'2016-10-04 20:41:31','2016-10-22 08:11:11',1),(319,'размер+фото',NULL,NULL,0,'generateBuk.png',160,'2016-10-04 20:41:31','2016-10-22 08:11:11',4),(320,'цена+размер',2160.70,NULL,3,NULL,161,'2016-10-04 20:41:31','2016-10-22 08:11:11',1),(321,'размер+фото',NULL,NULL,3,'generateBuk.png',161,'2016-10-04 20:41:31','2016-10-22 08:11:11',4),(322,'цена+размер',4594.52,NULL,0,NULL,162,'2016-10-04 20:41:31','2016-10-22 08:11:11',1),(323,'размер+фото',NULL,NULL,0,'generateBuk.png',162,'2016-10-04 20:41:31','2016-10-22 08:11:11',4),(324,'цена+длина',427.46,90,NULL,NULL,163,'2016-10-04 20:41:31','2016-10-22 08:11:11',2),(325,'фото',NULL,NULL,NULL,'generate.jpg',163,'2016-10-04 20:41:31','2016-10-22 08:11:11',3),(326,'цена+длина',96.50,60,NULL,NULL,164,'2016-10-04 20:41:31','2016-10-22 08:11:11',2),(327,'фото',NULL,NULL,NULL,'generate.jpg',164,'2016-10-04 20:41:31','2016-10-22 08:11:11',3),(328,'цена+размер',3402.50,NULL,3,NULL,165,'2016-10-04 20:41:31','2016-10-22 08:11:11',1),(329,'размер+фото',NULL,NULL,3,'generateBuk.png',165,'2016-10-04 20:41:31','2016-10-22 08:11:11',4),(330,'цена+размер',4549.70,NULL,4,NULL,166,'2016-10-04 20:41:31','2016-10-22 08:11:11',1),(331,'размер+фото',NULL,NULL,4,'generateBuk.png',166,'2016-10-04 20:41:31','2016-10-22 08:11:11',4),(332,'цена+размер',3597.24,NULL,0,NULL,167,'2016-10-04 20:41:31','2016-10-22 08:11:11',1),(333,'размер+фото',NULL,NULL,0,'generateBuk.png',167,'2016-10-04 20:41:31','2016-10-22 08:11:11',4);
/*!40000 ALTER TABLE `prop_item` ENABLE KEYS */;
UNLOCK TABLES;

--
-- Table structure for table `reqcalls`
--

DROP TABLE IF EXISTS `reqcalls`;
/*!40101 SET @saved_cs_client     = @@character_set_client */;
/*!40101 SET character_set_client = utf8 */;
CREATE TABLE `reqcalls` (
  `id` int(10) unsigned NOT NULL AUTO_INCREMENT,
  `guest_name` varchar(255) COLLATE utf8_unicode_ci NOT NULL,
  `rq_phone` varchar(255) COLLATE utf8_unicode_ci NOT NULL,
  `created_at` timestamp NULL DEFAULT NULL,
  `updated_at` timestamp NULL DEFAULT NULL,
  PRIMARY KEY (`id`)
) ENGINE=InnoDB AUTO_INCREMENT=5 DEFAULT CHARSET=utf8 COLLATE=utf8_unicode_ci;
/*!40101 SET character_set_client = @saved_cs_client */;

--
-- Dumping data for table `reqcalls`
--

LOCK TABLES `reqcalls` WRITE;
/*!40000 ALTER TABLE `reqcalls` DISABLE KEYS */;
INSERT INTO `reqcalls` VALUES (4,'TEst_TEtst','84385043053','2016-10-30 09:03:34','2016-10-30 09:03:34');
/*!40000 ALTER TABLE `reqcalls` ENABLE KEYS */;
UNLOCK TABLES;

--
-- Table structure for table `settings`
--

DROP TABLE IF EXISTS `settings`;
/*!40101 SET @saved_cs_client     = @@character_set_client */;
/*!40101 SET character_set_client = utf8 */;
CREATE TABLE `settings` (
  `id` int(10) unsigned NOT NULL AUTO_INCREMENT,
  `name` varchar(255) COLLATE utf8_unicode_ci NOT NULL,
  `val` varchar(255) COLLATE utf8_unicode_ci NOT NULL,
  `created_at` timestamp NULL DEFAULT NULL,
  `updated_at` timestamp NULL DEFAULT NULL,
  PRIMARY KEY (`id`)
) ENGINE=InnoDB AUTO_INCREMENT=11 DEFAULT CHARSET=utf8 COLLATE=utf8_unicode_ci;
/*!40101 SET character_set_client = @saved_cs_client */;

--
-- Dumping data for table `settings`
--

LOCK TABLES `settings` WRITE;
/*!40000 ALTER TABLE `settings` DISABLE KEYS */;
INSERT INTO `settings` VALUES (1,'phone1','8-950-950-65-65',NULL,NULL),(2,'phone2','8-960-960-50-50',NULL,NULL),(3,'slide1','Лучшие цветы и букеты на юге Росси',NULL,'2016-06-21 16:17:22'),(4,'slide2','Скидка 5% в течении первого месяца после регистрации',NULL,'2016-06-21 16:17:56'),(5,'slide3','Какая-то акция! Какая-то акция! Какая-то акция! Какая-то акция!',NULL,'2016-06-21 16:18:33'),(6,'slide4','Что-то за что-то, как-то так-то, что-то за что-то, как-то так-то!',NULL,'2016-08-22 19:11:52'),(7,'adm_pass','',NULL,NULL),(8,'SmsSender','79508651487',NULL,'2016-11-14 09:53:22'),(10,'SmsToken','387F8D59-E8EB-3EBA-9DC4-4F2093CC1B9E',NULL,NULL);
/*!40000 ALTER TABLE `settings` ENABLE KEYS */;
UNLOCK TABLES;

--
-- Table structure for table `subcategories`
--

DROP TABLE IF EXISTS `subcategories`;
/*!40101 SET @saved_cs_client     = @@character_set_client */;
/*!40101 SET character_set_client = utf8 */;
CREATE TABLE `subcategories` (
  `id` int(10) unsigned NOT NULL AUTO_INCREMENT,
  `name` varchar(255) COLLATE utf8_unicode_ci NOT NULL,
  `description` text COLLATE utf8_unicode_ci NOT NULL,
  `categorie_id` int(10) unsigned NOT NULL,
  `created_at` timestamp NULL DEFAULT NULL,
  `updated_at` timestamp NULL DEFAULT NULL,
  PRIMARY KEY (`id`),
  KEY `subcategories_categorie_id_foreign` (`categorie_id`),
  CONSTRAINT `subcategories_categorie_id_foreign` FOREIGN KEY (`categorie_id`) REFERENCES `categories` (`id`)
) ENGINE=InnoDB AUTO_INCREMENT=7 DEFAULT CHARSET=utf8 COLLATE=utf8_unicode_ci;
/*!40101 SET character_set_client = @saved_cs_client */;

--
-- Dumping data for table `subcategories`
--

LOCK TABLES `subcategories` WRITE;
/*!40000 ALTER TABLE `subcategories` DISABLE KEYS */;
INSERT INTO `subcategories` VALUES (3,'Подкатегория № 2-1','Подкатегория 1 категории 2 Подкатегория 1 категории 2 Подкатегория 1 категории 2 Подкатегория 1 категории 2 Подкатегория 1 категории 2 Подкатегория 1 категории 2 Подкатегория 1 категории 2 Подкатегория 1 категории 2 ',2,'2016-06-02 14:04:09','2016-06-05 15:33:32'),(4,'Подкатегория № 3-1','Подкатегория 1 категории 3  Подкатегория 1 категории 3 Подкатегория 1 категории 3 Подкатегория 1 категории 3 Подкатегория 1 категории 3 Подкатегория 1 категории 3 Подкатегория 1 категории 3 Подкатегория 1 категории 3 ',3,'2016-06-02 14:04:59','2016-06-05 15:33:20'),(5,'Подкатегория № 1-2','Подкатегория № 1-2 Подкатегория № 1-2 Подкатегория № 1-2 Подкатегория № 1-2 Подкатегория № 1-2 Подкатегория № 1-2 Подкатегория № 1-2 Подкатегория № 1-2 Подкатегория № 1-2 Подкатегория № 1-2 Подкатегория № 1-2 Подкатегория № 1-2 ',1,'2016-06-02 14:05:19','2016-06-02 14:05:19'),(6,'Подкатегория № 1-1','Восстановлена после удаления ухахахах бугагага',1,'2016-06-06 06:18:59','2016-06-06 06:18:59');
/*!40000 ALTER TABLE `subcategories` ENABLE KEYS */;
UNLOCK TABLES;

--
-- Table structure for table `users`
--

DROP TABLE IF EXISTS `users`;
/*!40101 SET @saved_cs_client     = @@character_set_client */;
/*!40101 SET character_set_client = utf8 */;
CREATE TABLE `users` (
  `id` int(10) unsigned NOT NULL AUTO_INCREMENT,
  `name` varchar(255) COLLATE utf8_unicode_ci NOT NULL,
  `surname` varchar(255) COLLATE utf8_unicode_ci DEFAULT NULL,
  `email` varchar(255) COLLATE utf8_unicode_ci DEFAULT NULL,
  `password` varchar(255) COLLATE utf8_unicode_ci NOT NULL,
  `remember_token` varchar(100) COLLATE utf8_unicode_ci DEFAULT NULL,
  `created_at` timestamp NULL DEFAULT NULL,
  `updated_at` timestamp NULL DEFAULT NULL,
  `adress` varchar(255) COLLATE utf8_unicode_ci DEFAULT NULL,
  `phone` varchar(16) COLLATE utf8_unicode_ci DEFAULT NULL,
  PRIMARY KEY (`id`)
) ENGINE=InnoDB AUTO_INCREMENT=14 DEFAULT CHARSET=utf8 COLLATE=utf8_unicode_ci;
/*!40101 SET character_set_client = @saved_cs_client */;

--
-- Dumping data for table `users`
--

LOCK TABLES `users` WRITE;
/*!40000 ALTER TABLE `users` DISABLE KEYS */;
INSERT INTO `users` VALUES (1,'Админ','Админович','admin@site.ru','$2y$10$suhKj8Su3H1jJfPywWKn4eLE63S1bCYfZixPSvfVHYMRv2ilE5g8q','4rOJpT23DY405pIzYkvEuyjSIoDecTUENGfoAxlfVsvJBGMWPPxyAbg7Xk5d','2016-06-01 16:16:39','2016-11-15 17:03:01','г. Админовск, ул. Сисадминовская д.35, кв 102','8-999-777-50-50'),(2,'Сергей',NULL,'serg777sp@mail.ru','$2y$10$7xtE2Kk2R3bdWAJdBTV7OOezUAtzIbPuQMhShFMe9EQiurtJalsza','wZeydLv1O20pxp2u8twwmjfBRtMsW65Rk1nwE0f76y4xUNyJB3KG42YlscId','2016-06-13 08:57:33','2016-11-12 10:26:33',NULL,NULL),(3,'test',NULL,'test@test.test','$2y$10$tpMh7tiL9BWXmCmVjAtKr.Ss67qmdNXUO8/WuUX96fouWP3/l6kfi','yDulLEZbM0QCo3lWOcJKvlNfP9Ci5VUTq7MFxn8Thy4wOhqNsuUfIvwjXkMW','2016-10-20 11:21:44','2016-11-14 09:08:59',NULL,'8-800-200-06-00'),(6,'TestReg','ByPhone','','$2y$10$e9IslBVex.pj5V7GYXY1C.aqnEbA9Fof9zDikPuHa9Ax.Egqy0ja6','ARZGaBzWX7QoeXbjsFIt2WeXjMPQqW0zwAUYbJ1cnpN0bGtx1CRxJmwLw8DS','2016-10-21 05:30:32','2016-10-30 09:02:47','Не адрес, а АДРЕСИЩЕ!!!!! =))))','8-950-950-60-60'),(8,'Test100',NULL,'test100@mail.ru','$2y$10$OIsAS45KQYVHIGz/Bf0m.OSXxPLtOxesT8KMgRktyXgzhOBQcMFOy','GaK5g3lTr3i7vWGpqAWBS7vaZYjrahVIpcLoC61qPmpMGI8gr1JrjKeQRqqk','2016-11-15 09:19:08','2016-11-15 09:19:15',NULL,''),(12,'test200',NULL,'','$2y$10$4NY4UTVL8BOnZIsopQUzBevAyFz5iNGckxByFcI9ll/OYPonDL09K','6FOKZAg9AqgmaO6O23TbZuaTP1BOs2grsMKlGtMs3GYi88hALKaPxvThNZwa','2016-11-15 09:28:05','2016-11-15 09:28:13',NULL,'8-990-990-30-30'),(13,'test300',NULL,'test300@mail.ru','$2y$10$41oDJt/gwk74IyZSfg07I./4uYhSqe5370.qkcYpK1/PUXSHDXGuy','Qhrrh8wbx1fPPBzM8YU5eMCQnJhNSwXxXmBEcNvS07rqrmGq7VG1V4LFo2RR','2016-11-15 09:29:54','2016-11-15 09:37:11',NULL,NULL);
/*!40000 ALTER TABLE `users` ENABLE KEYS */;
UNLOCK TABLES;
/*!40103 SET TIME_ZONE=@OLD_TIME_ZONE */;

/*!40101 SET SQL_MODE=@OLD_SQL_MODE */;
/*!40014 SET FOREIGN_KEY_CHECKS=@OLD_FOREIGN_KEY_CHECKS */;
/*!40014 SET UNIQUE_CHECKS=@OLD_UNIQUE_CHECKS */;
/*!40101 SET CHARACTER_SET_CLIENT=@OLD_CHARACTER_SET_CLIENT */;
/*!40101 SET CHARACTER_SET_RESULTS=@OLD_CHARACTER_SET_RESULTS */;
/*!40101 SET COLLATION_CONNECTION=@OLD_COLLATION_CONNECTION */;
/*!40111 SET SQL_NOTES=@OLD_SQL_NOTES */;

-- Dump completed on 2016-11-17  4:31:54
